X,Y,X,Y,id,rowId
524.819331236299945,-85.44543002499999,524.8193312363,-85.445430025,214,3
859.081426805499973,-167.349215199599996,859.0814268055,-167.3492151996,425,5
